{
    "RunAllignment": 680165,
    "RunEqualizer": 680245,
    "d_12": 925,
    "d_1c": 953,
    "offset_x2": 1.1971159313901332,
    "offset_y2": -0.602845866465819,
    "div_12x": 0.00027084777701111897,
    "div_12y": 0.0005041808584579469,
    "slope": 1267.8363660825437,
    "intercept": -33.01827637034396,
    "data_path": "/eos/project/i/insulab-como/testBeam/TB_T9_2023_08_OREO/HDF5",
    "slope_LG": 1.2678363660825436,
    "intercept_LG": -33.01827637034396,
    "slope_George": 5.818640711274588,
    "intercept_George": 33.69249929879056,
    "eq_George": 1.807518256041887,
    "slope_John": 4.450998710147237,
    "intercept_John": 29.389963525634204,
    "eq_John": 1.0,
    "slope_Paul": 7.032407741185125,
    "intercept_Paul": 25.03120462365356,
    "eq_Paul": 1.4486540496404077
}